sample_id,length,was_split,num_segments,original_cer,split_cer,cer_improvement,original_wer,split_wer
hf_26,35,False,1,0.028571,0.028571,0.000000,0.142857,0.142857
hf_37,32,False,1,0.000000,0.000000,0.000000,0.000000,0.000000
hf_75,38,False,1,0.052632,0.052632,0.000000,0.250000,0.250000
hf_110,49,False,1,0.000000,0.000000,0.000000,0.000000,0.000000
hf_141,34,False,1,0.000000,0.000000,0.000000,0.000000,0.000000
hf_168,36,False,1,0.277778,0.277778,0.000000,0.833333,0.833333
hf_175,8,False,1,0.000000,0.000000,0.000000,0.000000,0.000000
hf_212,62,False,1,0.322581,0.322581,0.000000,1.000000,1.000000
hf_232,53,False,1,0.000000,0.000000,0.000000,0.000000,0.000000
hf_363,53,False,1,0.113208,0.113208,0.000000,0.500000,0.500000
hf_386,38,False,1,0.026316,0.026316,0.000000,0.333333,0.333333
hf_425,26,False,1,0.076923,0.076923,0.000000,0.500000,0.500000
hf_471,73,False,1,0.027397,0.027397,0.000000,0.111111,0.111111
hf_512,92,False,1,0.423913,0.423913,0.000000,0.833333,0.833333
hf_610,46,False,1,0.000000,0.000000,0.000000,0.000000,0.000000
hf_633,35,False,1,0.171429,0.171429,0.000000,0.750000,0.750000
hf_665,38,False,1,0.394737,0.394737,0.000000,1.000000,1.000000
hf_752,23,False,1,0.086957,0.086957,0.000000,0.250000,0.250000
hf_803,43,False,1,0.000000,0.000000,0.000000,0.000000,0.000000
hf_829,63,False,1,0.015873,0.015873,0.000000,0.125000,0.125000
hf_896,29,False,1,0.000000,0.000000,0.000000,0.000000,0.000000
hf_927,78,False,1,0.012821,0.012821,0.000000,0.100000,0.100000
hf_967,75,False,1,0.000000,0.000000,0.000000,0.000000,0.000000
hf_1130,39,False,1,0.000000,0.000000,0.000000,0.000000,0.000000
hf_1270,19,False,1,0.000000,0.000000,0.000000,0.000000,0.000000
hf_1276,82,False,1,0.048780,0.048780,0.000000,0.428571,0.428571
hf_1280,53,False,1,0.301887,0.301887,0.000000,1.000000,1.000000
hf_1335,26,False,1,0.038462,0.038462,0.000000,0.500000,0.500000
hf_1359,34,False,1,0.000000,0.000000,0.000000,0.000000,0.000000
hf_1378,29,False,1,0.206897,0.206897,0.000000,0.750000,0.750000
hf_1550,50,False,1,0.040000,0.040000,0.000000,0.285714,0.285714
hf_1600,70,False,1,0.028571,0.028571,0.000000,0.100000,0.100000
hf_1624,45,False,1,0.044444,0.044444,0.000000,0.200000,0.200000
hf_1639,10,False,1,0.000000,0.000000,0.000000,0.000000,0.000000
hf_1682,19,False,1,0.000000,0.000000,0.000000,0.000000,0.000000
hf_1695,57,False,1,0.000000,0.000000,0.000000,0.000000,0.000000
hf_1739,38,False,1,0.026316,0.026316,0.000000,0.200000,0.200000
hf_1767,24,False,1,0.125000,0.125000,0.000000,1.000000,1.000000
hf_1776,46,False,1,0.021739,0.021739,0.000000,0.166667,0.166667
hf_1808,36,False,1,0.000000,0.000000,0.000000,0.000000,0.000000
hf_1880,21,False,1,0.000000,0.000000,0.000000,0.000000,0.000000
hf_1891,17,False,1,0.058824,0.058824,0.000000,0.500000,0.500000
hf_1902,38,False,1,0.000000,0.000000,0.000000,0.000000,0.000000
hf_1952,57,False,1,0.333333,0.333333,0.000000,1.000000,1.000000
hf_2033,6,False,1,0.666667,0.666667,0.000000,1.000000,1.000000
hf_2058,37,False,1,0.135135,0.135135,0.000000,0.750000,0.750000
hf_2082,49,False,1,0.000000,0.000000,0.000000,0.000000,0.000000
hf_2103,35,False,1,0.228571,0.228571,0.000000,1.000000,1.000000
hf_2139,62,False,1,0.000000,0.000000,0.000000,0.000000,0.000000
hf_2361,40,False,1,0.000000,0.000000,0.000000,0.000000,0.000000
hf_2404,19,False,1,0.000000,0.000000,0.000000,0.000000,0.000000
hf_2507,31,False,1,0.548387,0.548387,0.000000,1.333333,1.333333
hf_2537,56,False,1,0.017857,0.017857,0.000000,0.125000,0.125000
hf_2604,35,False,1,0.057143,0.057143,0.000000,0.400000,0.400000
hf_2612,36,False,1,0.000000,0.000000,0.000000,0.000000,0.000000
hf_2614,25,False,1,0.560000,0.560000,0.000000,1.000000,1.000000
hf_2636,23,False,1,0.000000,0.000000,0.000000,0.000000,0.000000
hf_2638,41,False,1,0.000000,0.000000,0.000000,0.000000,0.000000
hf_2691,41,False,1,0.000000,0.000000,0.000000,0.000000,0.000000
hf_2741,45,False,1,0.044444,0.044444,0.000000,0.200000,0.200000
hf_2847,21,False,1,0.000000,0.000000,0.000000,0.000000,0.000000
hf_2889,12,False,1,0.000000,0.000000,0.000000,0.000000,0.000000
hf_2908,36,False,1,0.000000,0.000000,0.000000,0.000000,0.000000
hf_2982,59,False,1,0.152542,0.152542,0.000000,0.428571,0.428571
hf_3003,42,False,1,0.142857,0.142857,0.000000,0.571429,0.571429
hf_3028,88,False,1,0.250000,0.250000,0.000000,0.444444,0.444444
hf_3087,45,False,1,0.000000,0.000000,0.000000,0.000000,0.000000
hf_3286,47,False,1,0.000000,0.000000,0.000000,0.000000,0.000000
hf_3291,13,False,1,0.307692,0.307692,0.000000,1.000000,1.000000
hf_3295,58,False,1,0.327586,0.327586,0.000000,1.125000,1.125000
hf_3315,32,False,1,0.156250,0.156250,0.000000,0.500000,0.500000
hf_3329,36,False,1,0.305556,0.305556,0.000000,0.625000,0.625000
hf_3367,34,False,1,0.000000,0.000000,0.000000,0.000000,0.000000
hf_3382,35,False,1,0.485714,0.485714,0.000000,1.000000,1.000000
hf_3413,36,False,1,0.000000,0.000000,0.000000,0.000000,0.000000
hf_3513,58,False,1,0.465517,0.465517,0.000000,0.888889,0.888889
hf_3550,49,False,1,0.000000,0.000000,0.000000,0.000000,0.000000
hf_3552,62,False,1,0.048387,0.048387,0.000000,0.285714,0.285714
hf_3573,58,False,1,0.051724,0.051724,0.000000,0.428571,0.428571
hf_3665,72,False,1,0.430556,0.430556,0.000000,1.000000,1.000000
hf_3727,24,False,1,0.041667,0.041667,0.000000,0.333333,0.333333
hf_3746,17,False,1,0.000000,0.000000,0.000000,0.000000,0.000000
hf_3796,14,False,1,0.000000,0.000000,0.000000,0.000000,0.000000
hf_3832,40,False,1,0.025000,0.025000,0.000000,0.142857,0.142857
hf_3842,64,False,1,0.156250,0.156250,0.000000,0.714286,0.714286
hf_3858,66,False,1,0.227273,0.227273,0.000000,0.857143,0.857143
hf_3908,45,False,1,0.022222,0.022222,0.000000,0.166667,0.166667
hf_3947,21,False,1,0.000000,0.000000,0.000000,0.000000,0.000000
hf_3972,87,False,1,0.183908,0.183908,0.000000,0.250000,0.250000
hf_3994,31,False,1,0.000000,0.000000,0.000000,0.000000,0.000000
hf_4080,36,False,1,0.194444,0.194444,0.000000,0.750000,0.750000
hf_4163,12,False,1,0.000000,0.000000,0.000000,0.000000,0.000000
hf_4196,33,False,1,0.636364,0.636364,0.000000,1.000000,1.000000
hf_4209,57,False,1,0.000000,0.000000,0.000000,0.000000,0.000000
hf_4282,16,False,1,0.062500,0.062500,0.000000,0.500000,0.500000
hf_4337,35,False,1,0.228571,0.228571,0.000000,1.000000,1.000000
hf_4417,33,False,1,0.030303,0.030303,0.000000,0.333333,0.333333
hf_4453,62,False,1,0.000000,0.000000,0.000000,0.000000,0.000000
hf_4490,37,False,1,0.000000,0.000000,0.000000,0.000000,0.000000
hf_4496,62,False,1,0.032258,0.032258,0.000000,0.125000,0.125000
hf_4508,63,False,1,0.063492,0.063492,0.000000,0.500000,0.500000
hf_4519,66,False,1,0.606061,0.606061,0.000000,1.000000,1.000000
hf_4535,44,False,1,0.386364,0.386364,0.000000,0.619048,0.619048
hf_4549,34,False,1,0.000000,0.000000,0.000000,0.000000,0.000000
hf_4558,37,False,1,0.054054,0.054054,0.000000,0.500000,0.500000
hf_4575,38,False,1,0.078947,0.078947,0.000000,0.400000,0.400000
hf_4585,51,False,1,0.215686,0.215686,0.000000,1.000000,1.000000
hf_4643,29,False,1,0.000000,0.000000,0.000000,0.000000,0.000000
hf_4652,49,False,1,0.000000,0.000000,0.000000,0.000000,0.000000
hf_4664,33,False,1,0.000000,0.000000,0.000000,0.000000,0.000000
hf_4679,44,False,1,0.818182,0.818182,0.000000,1.000000,1.000000
hf_4754,49,False,1,0.183673,0.183673,0.000000,1.000000,1.000000
hf_4772,65,False,1,0.000000,0.000000,0.000000,0.000000,0.000000
hf_4801,63,False,1,0.000000,0.000000,0.000000,0.000000,0.000000
hf_4855,51,False,1,0.313725,0.313725,0.000000,0.888889,0.888889
hf_4919,35,False,1,0.085714,0.085714,0.000000,0.666667,0.666667
hf_4931,14,False,1,0.000000,0.000000,0.000000,0.000000,0.000000
hf_4940,63,False,1,0.015873,0.015873,0.000000,0.142857,0.142857
hf_4980,58,False,1,0.000000,0.000000,0.000000,0.000000,0.000000
hf_5077,37,False,1,0.027027,0.027027,0.000000,0.200000,0.200000
hf_5161,53,False,1,0.056604,0.056604,0.000000,0.428571,0.428571
hf_5164,48,False,1,0.166667,0.166667,0.000000,0.571429,0.571429
hf_5229,28,False,1,0.107143,0.107143,0.000000,0.666667,0.666667
hf_5250,57,False,1,0.000000,0.000000,0.000000,0.000000,0.000000
hf_5271,16,False,1,0.000000,0.000000,0.000000,0.000000,0.000000
hf_5280,30,False,1,0.200000,0.200000,0.000000,0.800000,0.800000
hf_5320,59,False,1,0.000000,0.000000,0.000000,0.000000,0.000000
hf_5367,42,False,1,0.380952,0.380952,0.000000,0.571429,0.571429
hf_5372,43,False,1,0.000000,0.000000,0.000000,0.000000,0.000000
hf_5501,69,False,1,0.521739,0.521739,0.000000,1.000000,1.000000
hf_5557,38,False,1,0.000000,0.000000,0.000000,0.000000,0.000000
hf_5582,49,False,1,0.020408,0.020408,0.000000,0.166667,0.166667
hf_5610,39,False,1,0.051282,0.051282,0.000000,0.500000,0.500000
hf_5613,36,False,1,0.277778,0.277778,0.000000,0.833333,0.833333
hf_5679,44,False,1,0.045455,0.045455,0.000000,0.285714,0.285714
hf_5697,61,False,1,0.229508,0.229508,0.000000,0.600000,0.600000
hf_5771,50,False,1,0.120000,0.120000,0.000000,0.800000,0.800000
hf_5957,48,False,1,0.000000,0.000000,0.000000,0.000000,0.000000
hf_5979,55,False,1,0.109091,0.109091,0.000000,0.571429,0.571429
hf_5985,67,False,1,0.074627,0.074627,0.000000,0.125000,0.125000
hf_6048,24,False,1,0.000000,0.000000,0.000000,0.000000,0.000000
hf_6078,33,False,1,0.000000,0.000000,0.000000,0.000000,0.000000
hf_6098,55,False,1,0.127273,0.127273,0.000000,0.571429,0.571429
hf_6108,12,False,1,0.250000,0.250000,0.000000,1.000000,1.000000
hf_6112,98,True,2,0.408163,0.000000,0.408163,0.500000,0.000000
hf_6120,52,False,1,0.000000,0.000000,0.000000,0.000000,0.000000
hf_6140,68,False,1,0.735294,0.735294,0.000000,1.000000,1.000000
hf_6181,49,False,1,0.469388,0.469388,0.000000,1.000000,1.000000
hf_6338,54,False,1,0.037037,0.037037,0.000000,0.285714,0.285714
hf_6352,11,False,1,0.000000,0.000000,0.000000,0.000000,0.000000
hf_6416,38,False,1,0.000000,0.000000,0.000000,0.000000,0.000000
hf_6449,54,False,1,0.000000,0.000000,0.000000,0.000000,0.000000
hf_6503,15,False,1,0.000000,0.000000,0.000000,0.000000,0.000000
hf_6552,12,False,1,0.166667,0.166667,0.000000,1.000000,1.000000
hf_6588,86,False,1,0.000000,0.000000,0.000000,0.000000,0.000000
hf_6619,44,False,1,0.045455,0.045455,0.000000,0.285714,0.285714
hf_6678,24,False,1,0.500000,0.500000,0.000000,1.500000,1.500000
hf_6698,34,False,1,0.676471,0.676471,0.000000,1.000000,1.000000
hf_6717,71,False,1,0.380282,0.380282,0.000000,0.666667,0.666667
hf_6723,60,False,1,0.000000,0.000000,0.000000,0.000000,0.000000
hf_6736,33,False,1,0.060606,0.060606,0.000000,0.200000,0.200000
hf_6788,54,False,1,0.111111,0.111111,0.000000,0.666667,0.666667
hf_6855,54,False,1,0.000000,0.000000,0.000000,0.000000,0.000000
hf_6916,56,False,1,0.000000,0.000000,0.000000,0.000000,0.000000
hf_6973,48,False,1,0.250000,0.250000,0.000000,0.833333,0.833333
hf_6985,27,False,1,0.074074,0.074074,0.000000,0.400000,0.400000
hf_7014,25,False,1,0.440000,0.440000,0.000000,1.000000,1.000000
hf_7084,41,False,1,0.707317,0.707317,0.000000,1.000000,1.000000
hf_7104,43,False,1,0.348837,0.348837,0.000000,1.000000,1.000000
hf_7161,43,False,1,0.000000,0.000000,0.000000,0.000000,0.000000
hf_7185,44,False,1,0.000000,0.000000,0.000000,0.000000,0.000000
hf_7296,28,False,1,0.000000,0.000000,0.000000,0.000000,0.000000
hf_7310,79,False,1,0.202532,0.202532,0.000000,0.300000,0.300000
hf_7331,24,False,1,0.000000,0.000000,0.000000,0.000000,0.000000
hf_7435,43,False,1,0.046512,0.046512,0.000000,0.333333,0.333333
hf_7476,54,False,1,0.000000,0.000000,0.000000,0.000000,0.000000
hf_7496,94,False,1,0.180851,0.180851,0.000000,0.200000,0.200000
hf_7506,31,False,1,0.129032,0.129032,0.000000,1.000000,1.000000
hf_7507,5,False,1,0.000000,0.000000,0.000000,0.000000,0.000000
hf_7521,64,False,1,0.218750,0.218750,0.000000,0.500000,0.500000
hf_7559,59,False,1,0.322034,0.322034,0.000000,0.625000,0.625000
hf_7564,51,False,1,0.098039,0.098039,0.000000,0.666667,0.666667
hf_7578,6,False,1,0.000000,0.000000,0.000000,0.000000,0.000000
hf_7597,20,False,1,0.000000,0.000000,0.000000,0.000000,0.000000
hf_7698,23,False,1,0.086957,0.086957,0.000000,1.000000,1.000000
hf_7762,57,False,1,0.087719,0.087719,0.000000,0.500000,0.500000
hf_7835,15,False,1,0.000000,0.000000,0.000000,0.000000,0.000000
hf_7856,20,False,1,0.000000,0.000000,0.000000,0.000000,0.000000
hf_7907,68,False,1,0.014706,0.014706,0.000000,0.333333,0.333333
hf_7930,33,False,1,0.030303,0.030303,0.000000,0.200000,0.200000
hf_7933,41,False,1,0.048780,0.048780,0.000000,0.333333,0.333333
hf_7953,97,False,1,0.113402,0.113402,0.000000,0.666667,0.666667
hf_7957,36,False,1,0.000000,0.000000,0.000000,0.000000,0.000000
hf_8149,27,False,1,0.000000,0.000000,0.000000,0.000000,0.000000
hf_8167,30,False,1,0.233333,0.233333,0.000000,1.000000,1.000000
hf_8180,11,False,1,0.181818,0.181818,0.000000,1.000000,1.000000
hf_8241,27,False,1,0.037037,0.037037,0.000000,0.333333,0.333333
hf_8272,24,False,1,0.000000,0.000000,0.000000,0.000000,0.000000
hf_8275,42,False,1,0.000000,0.000000,0.000000,0.000000,0.000000
hf_8295,81,False,1,0.024691,0.024691,0.000000,0.222222,0.222222
hf_8341,88,False,1,0.000000,0.000000,0.000000,0.000000,0.000000
hf_8352,32,False,1,0.187500,0.187500,0.000000,0.750000,0.750000
hf_8364,71,False,1,0.028169,0.028169,0.000000,0.250000,0.250000
hf_8414,6,False,1,0.000000,0.000000,0.000000,0.000000,0.000000
hf_8573,47,False,1,0.000000,0.000000,0.000000,0.000000,0.000000
hf_8577,30,False,1,0.000000,0.000000,0.000000,0.000000,0.000000
hf_8586,43,False,1,0.000000,0.000000,0.000000,0.000000,0.000000
hf_8671,44,False,1,0.431818,0.431818,0.000000,1.000000,1.000000
hf_8680,17,False,1,0.058824,0.058824,0.000000,0.333333,0.333333
hf_8738,41,False,1,0.219512,0.219512,0.000000,0.500000,0.500000
hf_8800,39,False,1,0.564103,0.564103,0.000000,1.000000,1.000000
hf_8893,39,False,1,0.000000,0.000000,0.000000,0.000000,0.000000
hf_8946,65,False,1,0.200000,0.200000,0.000000,0.600000,0.600000
hf_9065,59,False,1,0.152542,0.152542,0.000000,1.000000,1.000000
hf_9068,19,False,1,0.000000,0.000000,0.000000,0.000000,0.000000
hf_9144,71,False,1,0.000000,0.000000,0.000000,0.000000,0.000000
hf_9150,29,False,1,0.206897,0.206897,0.000000,0.600000,0.600000
hf_9186,43,False,1,0.139535,0.139535,0.000000,1.000000,1.000000
hf_9321,43,False,1,0.000000,0.000000,0.000000,0.000000,0.000000
hf_9363,41,False,1,0.390244,0.390244,0.000000,1.000000,1.000000
hf_9479,73,False,1,0.013699,0.013699,0.000000,0.100000,0.100000
hf_9656,11,False,1,0.909091,0.909091,0.000000,1.000000,1.000000
hf_9671,52,False,1,0.096154,0.096154,0.000000,0.400000,0.400000
hf_9705,31,False,1,0.000000,0.000000,0.000000,0.000000,0.000000
hf_9738,37,False,1,0.000000,0.000000,0.000000,0.000000,0.000000
hf_9764,71,False,1,0.028169,0.028169,0.000000,0.285714,0.285714
hf_9768,52,False,1,0.019231,0.019231,0.000000,0.166667,0.166667
hf_9777,55,False,1,0.054545,0.054545,0.000000,0.500000,0.500000
hf_9884,21,False,1,0.047619,0.047619,0.000000,0.500000,0.500000
hf_9943,49,False,1,0.040816,0.040816,0.000000,0.333333,0.333333
hf_9986,20,False,1,0.000000,0.000000,0.000000,0.000000,0.000000
hf_10014,18,False,1,0.000000,0.000000,0.000000,0.000000,0.000000
hf_10016,27,False,1,0.000000,0.000000,0.000000,0.000000,0.000000
hf_10026,35,False,1,0.400000,0.400000,0.000000,0.750000,0.750000
hf_10090,34,False,1,0.000000,0.000000,0.000000,0.000000,0.000000
hf_10128,12,False,1,0.250000,0.250000,0.000000,0.500000,0.500000
hf_10144,52,False,1,0.307692,0.307692,0.000000,0.750000,0.750000
hf_10187,26,False,1,0.230769,0.230769,0.000000,1.000000,1.000000
hf_10189,36,False,1,0.000000,0.000000,0.000000,0.000000,0.000000
hf_10258,31,False,1,0.000000,0.000000,0.000000,0.000000,0.000000
hf_10292,38,False,1,0.000000,0.000000,0.000000,0.000000,0.000000
hf_10317,62,False,1,0.048387,0.048387,0.000000,0.250000,0.250000
hf_10338,51,False,1,0.098039,0.098039,0.000000,0.666667,0.666667
hf_10365,46,False,1,0.000000,0.000000,0.000000,0.000000,0.000000
hf_10379,16,False,1,0.062500,0.062500,0.000000,1.000000,1.000000
hf_10430,67,False,1,0.059701,0.059701,0.000000,0.444444,0.444444
hf_10433,9,False,1,0.222222,0.222222,0.000000,1.000000,1.000000
hf_10463,19,False,1,0.000000,0.000000,0.000000,0.000000,0.000000
hf_10484,50,False,1,0.100000,0.100000,0.000000,0.571429,0.571429
hf_10539,49,False,1,0.020408,0.020408,0.000000,0.666667,0.666667
hf_10587,29,False,1,0.034483,0.034483,0.000000,0.333333,0.333333
hf_10589,13,False,1,0.538462,0.538462,0.000000,0.750000,0.750000
hf_10649,29,False,1,0.000000,0.000000,0.000000,0.000000,0.000000
hf_10659,42,False,1,0.000000,0.000000,0.000000,0.000000,0.000000
hf_10708,58,False,1,0.413793,0.413793,0.000000,0.916667,0.916667
hf_10732,20,False,1,0.000000,0.000000,0.000000,0.000000,0.000000
hf_10789,72,False,1,0.180556,0.180556,0.000000,0.714286,0.714286
hf_10816,41,False,1,0.243902,0.243902,0.000000,0.833333,0.833333
hf_10821,27,False,1,0.037037,0.037037,0.000000,0.200000,0.200000
hf_10873,37,False,1,0.000000,0.000000,0.000000,0.000000,0.000000
hf_10899,42,False,1,0.142857,0.142857,0.000000,0.600000,0.600000
hf_10996,32,False,1,0.062500,0.062500,0.000000,0.250000,0.250000
hf_11120,14,False,1,0.000000,0.000000,0.000000,0.000000,0.000000
hf_11215,12,False,1,0.666667,0.666667,0.000000,1.000000,1.000000
hf_11391,39,False,1,0.025641,0.025641,0.000000,0.250000,0.250000
hf_11405,51,False,1,0.156863,0.156863,0.000000,0.714286,0.714286
hf_11481,73,False,1,0.000000,0.000000,0.000000,0.000000,0.000000
hf_11526,56,False,1,0.000000,0.000000,0.000000,0.000000,0.000000
hf_11543,10,False,1,0.400000,0.400000,0.000000,1.000000,1.000000
hf_11603,32,False,1,0.000000,0.000000,0.000000,0.000000,0.000000
hf_11702,60,False,1,0.266667,0.266667,0.000000,0.714286,0.714286
hf_11708,38,False,1,0.000000,0.000000,0.000000,0.000000,0.000000
hf_11754,52,False,1,0.019231,0.019231,0.000000,0.142857,0.142857
hf_11759,26,False,1,0.000000,0.000000,0.000000,0.000000,0.000000
hf_11894,78,False,1,0.179487,0.179487,0.000000,0.300000,0.300000
hf_11909,16,False,1,0.000000,0.000000,0.000000,0.000000,0.000000
hf_11917,36,False,1,0.333333,0.333333,0.000000,0.833333,0.833333
hf_12025,66,False,1,0.121212,0.121212,0.000000,0.750000,0.750000
hf_12082,13,False,1,0.076923,0.076923,0.000000,0.333333,0.333333
hf_12133,29,False,1,0.000000,0.000000,0.000000,0.000000,0.000000
hf_12178,30,False,1,0.866667,0.866667,0.000000,1.000000,1.000000
hf_12293,23,False,1,0.000000,0.000000,0.000000,0.000000,0.000000
hf_12445,37,False,1,0.027027,0.027027,0.000000,0.166667,0.166667
hf_12457,21,False,1,0.047619,0.047619,0.000000,0.500000,0.500000
hf_12465,40,False,1,0.650000,0.650000,0.000000,1.000000,1.000000
hf_12478,7,False,1,0.000000,0.000000,0.000000,0.000000,0.000000
hf_12491,43,False,1,0.232558,0.232558,0.000000,0.833333,0.833333
hf_12521,23,False,1,0.000000,0.000000,0.000000,0.000000,0.000000
hf_12552,47,False,1,0.212766,0.212766,0.000000,1.000000,1.000000
hf_12556,12,False,1,0.000000,0.000000,0.000000,0.000000,0.000000
hf_12572,43,False,1,0.000000,0.000000,0.000000,0.000000,0.000000
hf_12601,20,False,1,0.000000,0.000000,0.000000,0.000000,0.000000
hf_12621,60,False,1,0.016667,0.016667,0.000000,0.111111,0.111111
hf_12656,66,False,1,0.121212,0.121212,0.000000,0.375000,0.375000
hf_12721,29,False,1,0.000000,0.000000,0.000000,0.000000,0.000000
hf_12742,33,False,1,0.030303,0.030303,0.000000,0.250000,0.250000
hf_12912,29,False,1,0.275862,0.275862,0.000000,1.000000,1.000000
hf_12964,54,False,1,0.018519,0.018519,0.000000,0.333333,0.333333
hf_12997,32,False,1,0.000000,0.000000,0.000000,0.000000,0.000000
hf_13031,36,False,1,0.000000,0.000000,0.000000,0.000000,0.000000
hf_13035,26,False,1,0.000000,0.000000,0.000000,0.000000,0.000000
hf_13050,17,False,1,0.000000,0.000000,0.000000,0.000000,0.000000
hf_13065,55,False,1,0.127273,0.127273,0.000000,0.714286,0.714286
hf_13079,27,False,1,0.000000,0.000000,0.000000,0.000000,0.000000
hf_13182,79,False,1,0.000000,0.000000,0.000000,0.000000,0.000000
hf_13340,34,False,1,0.088235,0.088235,0.000000,0.250000,0.250000
hf_13342,23,False,1,0.260870,0.260870,0.000000,1.000000,1.000000
hf_13386,24,False,1,1.000000,1.000000,0.000000,1.000000,1.000000
hf_13555,35,False,1,0.000000,0.000000,0.000000,0.000000,0.000000
hf_13617,22,False,1,0.000000,0.000000,0.000000,0.000000,0.000000
hf_13730,11,False,1,0.090909,0.090909,0.000000,1.000000,1.000000
hf_13767,28,False,1,0.000000,0.000000,0.000000,0.000000,0.000000
hf_13774,53,False,1,0.433962,0.433962,0.000000,1.000000,1.000000
hf_13803,7,False,1,0.000000,0.000000,0.000000,0.000000,0.000000
hf_13826,19,False,1,0.210526,0.210526,0.000000,1.000000,1.000000
hf_13829,32,False,1,0.125000,0.125000,0.000000,0.800000,0.800000
hf_13871,52,False,1,0.076923,0.076923,0.000000,0.600000,0.600000
hf_13880,76,False,1,0.026316,0.026316,0.000000,0.250000,0.250000
hf_13901,23,False,1,0.000000,0.000000,0.000000,0.000000,0.000000
hf_13934,42,False,1,0.047619,0.047619,0.000000,0.666667,0.666667
hf_13969,39,False,1,0.051282,0.051282,0.000000,0.250000,0.250000
hf_14005,32,False,1,0.250000,0.250000,0.000000,1.000000,1.000000
hf_14008,6,False,1,0.000000,0.000000,0.000000,0.000000,0.000000
hf_14021,46,False,1,0.695652,0.695652,0.000000,1.000000,1.000000
hf_14040,49,False,1,0.000000,0.000000,0.000000,0.000000,0.000000
hf_14110,54,False,1,0.259259,0.259259,0.000000,1.000000,1.000000
hf_14180,51,False,1,0.137255,0.137255,0.000000,0.833333,0.833333
hf_14267,41,False,1,0.000000,0.000000,0.000000,0.000000,0.000000
hf_14284,19,False,1,0.315789,0.315789,0.000000,0.500000,0.500000
hf_14328,89,False,1,0.000000,0.000000,0.000000,0.000000,0.000000
hf_14341,24,False,1,0.333333,0.333333,0.000000,0.750000,0.750000
hf_14373,48,False,1,0.083333,0.083333,0.000000,0.333333,0.333333
hf_14380,16,False,1,0.250000,0.250000,0.000000,0.500000,0.500000
hf_14392,22,False,1,0.000000,0.000000,0.000000,0.000000,0.000000
hf_14432,38,False,1,0.078947,0.078947,0.000000,0.600000,0.600000
hf_14446,40,False,1,0.000000,0.000000,0.000000,0.000000,0.000000
hf_14453,42,False,1,0.023810,0.023810,0.000000,0.200000,0.200000
hf_14522,20,False,1,0.250000,0.250000,0.000000,0.666667,0.666667
hf_14577,64,False,1,0.000000,0.000000,0.000000,0.000000,0.000000
hf_14609,28,False,1,0.142857,0.142857,0.000000,0.666667,0.666667
hf_14628,6,False,1,0.000000,0.000000,0.000000,0.000000,0.000000
hf_14694,95,False,1,0.052632,0.052632,0.000000,0.500000,0.500000
hf_14722,28,False,1,0.107143,0.107143,0.000000,0.666667,0.666667
hf_14725,41,False,1,0.000000,0.000000,0.000000,0.000000,0.000000
hf_14733,22,False,1,0.045455,0.045455,0.000000,0.500000,0.500000
hf_14790,51,False,1,0.019608,0.019608,0.000000,0.125000,0.125000
hf_14908,54,False,1,0.055556,0.055556,0.000000,0.333333,0.333333
hf_14915,74,False,1,0.162162,0.162162,0.000000,0.444444,0.444444
hf_14935,17,False,1,0.000000,0.000000,0.000000,0.000000,0.000000
hf_15002,36,False,1,0.166667,0.166667,0.000000,0.800000,0.800000
hf_15003,61,False,1,0.016393,0.016393,0.000000,0.111111,0.111111
hf_15010,27,False,1,0.037037,0.037037,0.000000,0.333333,0.333333
hf_15080,74,False,1,0.013514,0.013514,0.000000,0.125000,0.125000
hf_15108,71,False,1,0.112676,0.112676,0.000000,0.200000,0.200000
hf_15155,88,False,1,0.125000,0.125000,0.000000,0.600000,0.600000
hf_15170,45,False,1,0.244444,0.244444,0.000000,1.000000,1.000000
hf_15247,14,False,1,0.214286,0.214286,0.000000,0.666667,0.666667
hf_15256,55,False,1,0.018182,0.018182,0.000000,0.142857,0.142857
hf_15297,10,False,1,0.400000,0.400000,0.000000,0.500000,0.500000
hf_15367,61,False,1,0.081967,0.081967,0.000000,0.500000,0.500000
hf_15392,55,False,1,0.000000,0.000000,0.000000,0.000000,0.000000
hf_15414,19,False,1,0.000000,0.000000,0.000000,0.000000,0.000000
hf_15491,6,False,1,0.000000,0.000000,0.000000,0.000000,0.000000
hf_15514,7,False,1,0.428571,0.428571,0.000000,1.000000,1.000000
hf_15597,45,False,1,0.000000,0.000000,0.000000,0.000000,0.000000
hf_15633,46,False,1,0.543478,0.543478,0.000000,0.950000,0.950000
hf_15642,15,False,1,0.066667,0.066667,0.000000,1.000000,1.000000
hf_15679,59,False,1,0.152542,0.152542,0.000000,0.714286,0.714286
hf_15682,24,False,1,0.125000,0.125000,0.000000,0.333333,0.333333
hf_15692,74,False,1,0.027027,0.027027,0.000000,0.333333,0.333333
hf_15719,56,False,1,0.214286,0.214286,0.000000,0.400000,0.400000
hf_15749,34,False,1,0.000000,0.000000,0.000000,0.000000,0.000000
hf_15785,66,False,1,0.136364,0.136364,0.000000,0.571429,0.571429
hf_15817,24,False,1,0.000000,0.000000,0.000000,0.000000,0.000000
hf_15915,13,False,1,0.000000,0.000000,0.000000,0.000000,0.000000
hf_15925,66,False,1,0.500000,0.500000,0.000000,1.000000,1.000000
hf_15945,12,False,1,0.250000,0.250000,0.000000,1.000000,1.000000
hf_15973,96,False,1,0.125000,0.125000,0.000000,0.714286,0.714286
hf_15981,53,False,1,0.207547,0.207547,0.000000,0.777778,0.777778
hf_15989,19,False,1,0.000000,0.000000,0.000000,0.000000,0.000000
hf_16009,41,False,1,0.000000,0.000000,0.000000,0.000000,0.000000
hf_16043,24,False,1,0.041667,0.041667,0.000000,0.250000,0.250000
hf_16046,34,False,1,0.029412,0.029412,0.000000,0.250000,0.250000
hf_16049,31,False,1,0.064516,0.064516,0.000000,0.666667,0.666667
hf_16088,45,False,1,0.022222,0.022222,0.000000,0.166667,0.166667
hf_16135,58,False,1,0.965517,0.965517,0.000000,1.000000,1.000000
hf_16162,65,False,1,0.015385,0.015385,0.000000,0.111111,0.111111
hf_16203,61,False,1,0.081967,0.081967,0.000000,0.600000,0.600000
hf_16205,47,False,1,0.000000,0.000000,0.000000,0.000000,0.000000
hf_16246,59,False,1,0.033898,0.033898,0.000000,0.100000,0.100000
hf_16263,56,False,1,0.035714,0.035714,0.000000,0.250000,0.250000
hf_16265,87,False,1,0.000000,0.000000,0.000000,0.000000,0.000000
hf_16295,47,False,1,0.148936,0.148936,0.000000,0.428571,0.428571
hf_16331,19,False,1,0.000000,0.000000,0.000000,0.000000,0.000000
hf_16353,60,False,1,0.000000,0.000000,0.000000,0.000000,0.000000
hf_16371,40,False,1,0.200000,0.200000,0.000000,0.600000,0.600000
hf_16408,25,False,1,0.000000,0.000000,0.000000,0.000000,0.000000
hf_16457,45,False,1,0.022222,0.022222,0.000000,0.166667,0.166667
hf_16475,25,False,1,0.680000,0.680000,0.000000,1.000000,1.000000
hf_16476,56,False,1,0.000000,0.000000,0.000000,0.000000,0.000000
hf_16532,53,False,1,0.000000,0.000000,0.000000,0.000000,0.000000
hf_16541,62,False,1,0.080645,0.080645,0.000000,0.125000,0.125000
hf_16546,46,False,1,0.391304,0.391304,0.000000,1.000000,1.000000
hf_16693,35,False,1,0.542857,0.542857,0.000000,1.000000,1.000000
hf_16793,55,False,1,0.018182,0.018182,0.000000,0.200000,0.200000
hf_16931,15,False,1,0.866667,0.866667,0.000000,1.000000,1.000000
hf_16986,63,False,1,0.063492,0.063492,0.000000,0.375000,0.375000
hf_17049,67,False,1,0.432836,0.432836,0.000000,0.636364,0.636364
hf_17089,74,False,1,0.175676,0.175676,0.000000,0.666667,0.666667
hf_17118,37,False,1,0.000000,0.000000,0.000000,0.000000,0.000000
hf_17167,37,False,1,0.000000,0.000000,0.000000,0.000000,0.000000
hf_17219,52,False,1,0.615385,0.615385,0.000000,1.000000,1.000000
hf_17261,77,False,1,0.000000,0.000000,0.000000,0.000000,0.000000
hf_17300,11,False,1,0.545455,0.545455,0.000000,1.000000,1.000000
hf_17332,57,False,1,0.245614,0.245614,0.000000,0.875000,0.875000
hf_17335,15,False,1,0.133333,0.133333,0.000000,1.000000,1.000000
hf_17337,37,False,1,0.081081,0.081081,0.000000,0.400000,0.400000
hf_17343,73,False,1,0.287671,0.287671,0.000000,1.000000,1.000000
hf_17359,13,False,1,0.461538,0.461538,0.000000,1.000000,1.000000
hf_17370,43,False,1,0.186047,0.186047,0.000000,1.000000,1.000000
hf_17380,63,False,1,0.015873,0.015873,0.000000,0.125000,0.125000
hf_17397,58,False,1,0.224138,0.224138,0.000000,0.625000,0.625000
hf_17407,39,False,1,0.000000,0.000000,0.000000,0.000000,0.000000
hf_17408,65,False,1,0.153846,0.153846,0.000000,0.571429,0.571429
hf_17485,7,False,1,0.000000,0.000000,0.000000,0.000000,0.000000
hf_17486,50,False,1,0.000000,0.000000,0.000000,0.000000,0.000000
hf_17496,22,False,1,0.045455,0.045455,0.000000,0.250000,0.250000
hf_17501,25,False,1,0.000000,0.000000,0.000000,0.000000,0.000000
hf_17509,8,False,1,0.125000,0.125000,0.000000,1.000000,1.000000
hf_17546,21,False,1,0.047619,0.047619,0.000000,0.333333,0.333333
hf_17589,53,False,1,0.000000,0.000000,0.000000,0.000000,0.000000
hf_17662,20,False,1,0.050000,0.050000,0.000000,0.333333,0.333333
hf_17691,77,False,1,0.051948,0.051948,0.000000,0.272727,0.272727
hf_17700,31,False,1,0.387097,0.387097,0.000000,1.000000,1.000000
hf_17754,15,False,1,0.200000,0.200000,0.000000,0.666667,0.666667
hf_17807,35,False,1,0.000000,0.000000,0.000000,0.000000,0.000000
hf_17841,40,False,1,0.025000,0.025000,0.000000,0.166667,0.166667
hf_17848,36,False,1,0.472222,0.472222,0.000000,1.000000,1.000000
hf_17887,15,False,1,0.000000,0.000000,0.000000,0.000000,0.000000
hf_17919,30,False,1,0.266667,0.266667,0.000000,1.000000,1.000000
hf_17977,50,False,1,0.000000,0.000000,0.000000,0.000000,0.000000
hf_17996,40,False,1,0.050000,0.050000,0.000000,0.666667,0.666667
hf_18024,36,False,1,0.611111,0.611111,0.000000,1.000000,1.000000
hf_18104,62,False,1,0.016129,0.016129,0.000000,0.111111,0.111111
hf_18105,39,False,1,0.000000,0.000000,0.000000,0.000000,0.000000
hf_18120,38,False,1,0.815789,0.815789,0.000000,1.000000,1.000000
hf_18132,46,False,1,0.065217,0.065217,0.000000,0.500000,0.500000
hf_18173,45,False,1,0.000000,0.000000,0.000000,0.000000,0.000000
hf_18210,29,False,1,0.000000,0.000000,0.000000,0.000000,0.000000
hf_18217,33,False,1,0.000000,0.000000,0.000000,0.000000,0.000000
hf_18229,14,False,1,0.285714,0.285714,0.000000,1.000000,1.000000
hf_18231,59,False,1,0.016949,0.016949,0.000000,0.100000,0.100000
hf_18235,18,False,1,0.055556,0.055556,0.000000,0.250000,0.250000
hf_18250,46,False,1,0.021739,0.021739,0.000000,0.250000,0.250000
hf_18254,22,False,1,0.000000,0.000000,0.000000,0.000000,0.000000
hf_18258,55,False,1,0.181818,0.181818,0.000000,1.000000,1.000000
hf_18279,97,False,1,0.134021,0.134021,0.000000,0.250000,0.250000
hf_18292,31,False,1,0.000000,0.000000,0.000000,0.000000,0.000000
hf_18327,6,False,1,0.500000,0.500000,0.000000,1.000000,1.000000
hf_18465,43,False,1,0.023256,0.023256,0.000000,0.166667,0.166667
hf_18528,65,False,1,0.107692,0.107692,0.000000,0.500000,0.500000
hf_18536,42,False,1,0.000000,0.000000,0.000000,0.000000,0.000000
hf_18546,9,False,1,0.222222,0.222222,0.000000,1.000000,1.000000
hf_18598,13,False,1,0.000000,0.000000,0.000000,0.000000,0.000000
hf_18634,41,False,1,0.121951,0.121951,0.000000,0.600000,0.600000
hf_18676,59,False,1,0.016949,0.016949,0.000000,0.166667,0.166667
hf_18694,73,False,1,0.712329,0.712329,0.000000,1.000000,1.000000
hf_18725,47,False,1,0.191489,0.191489,0.000000,1.000000,1.000000
hf_18803,97,False,1,0.072165,0.072165,0.000000,0.090909,0.090909
hf_18876,11,False,1,0.090909,0.090909,0.000000,0.500000,0.500000
hf_18881,50,False,1,0.220000,0.220000,0.000000,0.714286,0.714286
hf_18888,12,False,1,0.000000,0.000000,0.000000,0.000000,0.000000
hf_18914,70,False,1,0.028571,0.028571,0.000000,0.285714,0.285714
hf_18965,53,False,1,0.000000,0.000000,0.000000,0.000000,0.000000
hf_19087,27,False,1,0.000000,0.000000,0.000000,0.000000,0.000000
hf_19127,17,False,1,0.000000,0.000000,0.000000,0.000000,0.000000
hf_19145,25,False,1,0.320000,0.320000,0.000000,1.000000,1.000000
hf_19213,51,False,1,0.490196,0.490196,0.000000,1.000000,1.000000
hf_19234,61,False,1,0.098361,0.098361,0.000000,0.800000,0.800000
hf_19283,45,False,1,0.044444,0.044444,0.000000,0.400000,0.400000
hf_19376,59,False,1,0.000000,0.000000,0.000000,0.000000,0.000000
hf_19414,29,False,1,0.206897,0.206897,0.000000,0.800000,0.800000
hf_19445,81,False,1,0.370370,0.370370,0.000000,0.375000,0.375000
hf_19487,42,False,1,0.190476,0.190476,0.000000,0.800000,0.800000
hf_19558,57,False,1,0.614035,0.614035,0.000000,1.000000,1.000000
hf_19566,44,False,1,0.000000,0.000000,0.000000,0.000000,0.000000
hf_19569,57,False,1,0.105263,0.105263,0.000000,0.600000,0.600000
hf_19620,73,False,1,0.013699,0.013699,0.000000,0.111111,0.111111
hf_19660,60,False,1,0.000000,0.000000,0.000000,0.000000,0.000000
hf_19681,58,False,1,0.000000,0.000000,0.000000,0.000000,0.000000
hf_19723,39,False,1,0.461538,0.461538,0.000000,1.000000,1.000000
hf_19764,21,False,1,0.238095,0.238095,0.000000,0.363636,0.363636
hf_19809,17,False,1,0.000000,0.000000,0.000000,0.000000,0.000000
hf_19825,64,False,1,0.125000,0.125000,0.000000,0.750000,0.750000
hf_19912,48,False,1,0.083333,0.083333,0.000000,0.285714,0.285714
hf_19914,65,False,1,0.000000,0.000000,0.000000,0.000000,0.000000
hf_19928,42,False,1,0.000000,0.000000,0.000000,0.000000,0.000000
hf_20000,6,False,1,0.333333,0.333333,0.000000,1.000000,1.000000
hf_20013,39,False,1,0.000000,0.000000,0.000000,0.000000,0.000000
hf_20067,34,False,1,0.764706,0.764706,0.000000,1.000000,1.000000
hf_20094,50,False,1,0.000000,0.000000,0.000000,0.000000,0.000000
hf_20153,52,False,1,0.019231,0.019231,0.000000,0.285714,0.285714
hf_20159,38,False,1,0.026316,0.026316,0.000000,0.250000,0.250000
hf_20202,90,False,1,0.022222,0.022222,0.000000,0.250000,0.250000
hf_20269,83,False,1,0.542169,0.542169,0.000000,1.000000,1.000000
hf_20343,70,False,1,0.000000,0.000000,0.000000,0.000000,0.000000
hf_20365,38,False,1,0.105263,0.105263,0.000000,0.600000,0.600000
hf_20384,37,False,1,0.081081,0.081081,0.000000,0.750000,0.750000
hf_20428,14,False,1,0.000000,0.000000,0.000000,0.000000,0.000000
hf_20444,47,False,1,0.085106,0.085106,0.000000,0.142857,0.142857
hf_20552,48,False,1,0.458333,0.458333,0.000000,1.000000,1.000000
hf_20557,34,False,1,0.088235,0.088235,0.000000,0.428571,0.428571
hf_20572,63,False,1,0.142857,0.142857,0.000000,0.444444,0.444444
hf_20590,48,False,1,0.750000,0.750000,0.000000,1.000000,1.000000
hf_20612,49,False,1,0.489796,0.489796,0.000000,1.000000,1.000000
hf_20622,26,False,1,0.000000,0.000000,0.000000,0.000000,0.000000
hf_20673,36,False,1,0.194444,0.194444,0.000000,0.800000,0.800000
hf_20679,29,False,1,0.206897,0.206897,0.000000,1.000000,1.000000
hf_20720,78,False,1,0.000000,0.000000,0.000000,0.000000,0.000000
hf_20733,27,False,1,0.037037,0.037037,0.000000,0.250000,0.250000
hf_20794,34,False,1,0.000000,0.000000,0.000000,0.000000,0.000000
hf_20952,24,False,1,0.000000,0.000000,0.000000,0.000000,0.000000
hf_21040,37,False,1,0.000000,0.000000,0.000000,0.000000,0.000000
hf_21118,48,False,1,0.145833,0.145833,0.000000,0.800000,0.800000
hf_21122,46,False,1,0.000000,0.000000,0.000000,0.000000,0.000000
hf_21123,54,False,1,0.129630,0.129630,0.000000,0.500000,0.500000
hf_21186,14,False,1,0.428571,0.428571,0.000000,1.000000,1.000000
hf_21243,42,False,1,0.309524,0.309524,0.000000,1.000000,1.000000
hf_21252,51,False,1,0.039216,0.039216,0.000000,0.400000,0.400000
hf_21300,44,False,1,0.000000,0.000000,0.000000,0.000000,0.000000
hf_21376,57,False,1,0.000000,0.000000,0.000000,0.000000,0.000000
hf_21420,33,False,1,0.000000,0.000000,0.000000,0.000000,0.000000
hf_21453,24,False,1,0.000000,0.000000,0.000000,0.000000,0.000000
hf_21512,69,False,1,0.666667,0.666667,0.000000,1.000000,1.000000
hf_21614,31,False,1,0.032258,0.032258,0.000000,0.250000,0.250000
hf_21639,51,False,1,0.000000,0.000000,0.000000,0.000000,0.000000
hf_21654,42,False,1,0.000000,0.000000,0.000000,0.000000,0.000000
hf_21678,73,False,1,0.027397,0.027397,0.000000,0.125000,0.125000
hf_21684,46,False,1,0.108696,0.108696,0.000000,0.333333,0.333333
hf_21702,73,False,1,0.013699,0.013699,0.000000,0.111111,0.111111
hf_21770,48,False,1,0.104167,0.104167,0.000000,0.500000,0.500000
hf_21786,45,False,1,0.311111,0.311111,0.000000,1.000000,1.000000
hf_21843,25,False,1,0.000000,0.000000,0.000000,0.000000,0.000000
hf_21859,48,False,1,0.166667,0.166667,0.000000,0.285714,0.285714
hf_21966,15,False,1,0.200000,0.200000,0.000000,0.333333,0.333333
hf_22010,21,False,1,0.000000,0.000000,0.000000,0.000000,0.000000
hf_22028,48,False,1,0.041667,0.041667,0.000000,0.285714,0.285714
hf_22046,46,False,1,0.173913,0.173913,0.000000,0.666667,0.666667
hf_22059,27,False,1,0.259259,0.259259,0.000000,1.000000,1.000000
hf_22118,44,False,1,0.000000,0.000000,0.000000,0.000000,0.000000
hf_22156,55,False,1,0.054545,0.054545,0.000000,0.500000,0.500000
hf_22236,25,False,1,0.000000,0.000000,0.000000,0.000000,0.000000
hf_22274,65,False,1,0.061538,0.061538,0.000000,0.375000,0.375000
hf_22293,25,False,1,0.080000,0.080000,0.000000,1.000000,1.000000
hf_22298,72,False,1,0.208333,0.208333,0.000000,0.700000,0.700000
hf_22304,13,False,1,0.000000,0.000000,0.000000,0.000000,0.000000
hf_22328,32,False,1,0.000000,0.000000,0.000000,0.000000,0.000000
hf_22362,23,False,1,0.000000,0.000000,0.000000,0.000000,0.000000
hf_22471,38,False,1,0.052632,0.052632,0.000000,0.400000,0.400000
hf_22528,99,False,1,0.020202,0.020202,0.000000,0.125000,0.125000
hf_22541,14,False,1,0.000000,0.000000,0.000000,0.000000,0.000000
hf_22618,18,False,1,0.000000,0.000000,0.000000,0.000000,0.000000
hf_22654,70,False,1,0.342857,0.342857,0.000000,0.500000,0.500000
hf_22754,27,False,1,0.000000,0.000000,0.000000,0.000000,0.000000
hf_22803,78,False,1,0.448718,0.448718,0.000000,0.875000,0.875000
hf_22872,86,True,2,0.000000,0.000000,0.000000,0.000000,0.000000
hf_22915,30,False,1,0.000000,0.000000,0.000000,0.000000,0.000000
hf_22935,78,False,1,0.089744,0.089744,0.000000,0.250000,0.250000
hf_23012,68,False,1,0.250000,0.250000,0.000000,0.833333,0.833333
hf_23052,52,False,1,0.096154,0.096154,0.000000,0.500000,0.500000
hf_23056,16,False,1,0.250000,0.250000,0.000000,1.000000,1.000000
hf_23178,5,False,1,0.000000,0.000000,0.000000,0.000000,0.000000
hf_23219,36,False,1,0.000000,0.000000,0.000000,0.000000,0.000000
hf_23253,45,False,1,0.311111,0.311111,0.000000,1.000000,1.000000
hf_23283,55,False,1,0.327273,0.327273,0.000000,0.500000,0.500000
hf_23449,73,False,1,0.178082,0.178082,0.000000,0.750000,0.750000
hf_23526,35,False,1,0.028571,0.028571,0.000000,0.250000,0.250000
hf_23650,45,False,1,0.266667,0.266667,0.000000,0.800000,0.800000
hf_23700,34,False,1,0.000000,0.000000,0.000000,0.000000,0.000000
hf_23709,30,False,1,0.033333,0.033333,0.000000,0.200000,0.200000
hf_23723,40,False,1,0.000000,0.000000,0.000000,0.000000,0.000000
hf_23736,30,False,1,0.133333,0.133333,0.000000,0.750000,0.750000
hf_23788,31,False,1,0.096774,0.096774,0.000000,0.750000,0.750000
hf_23869,18,False,1,0.000000,0.000000,0.000000,0.000000,0.000000
hf_23897,24,False,1,0.500000,0.500000,0.000000,1.000000,1.000000
hf_23909,75,False,1,0.546667,0.546667,0.000000,1.000000,1.000000
hf_24175,54,False,1,0.388889,0.388889,0.000000,0.857143,0.857143
hf_24184,31,False,1,0.064516,0.064516,0.000000,0.333333,0.333333
hf_24196,43,False,1,0.000000,0.000000,0.000000,0.000000,0.000000
hf_24217,86,False,1,0.000000,0.000000,0.000000,0.000000,0.000000
hf_24260,62,False,1,0.000000,0.000000,0.000000,0.000000,0.000000
hf_24285,8,False,1,0.750000,0.750000,0.000000,1.000000,1.000000
hf_24472,57,False,1,0.052632,0.052632,0.000000,0.428571,0.428571
hf_24504,40,False,1,0.000000,0.000000,0.000000,0.000000,0.000000
hf_24596,20,False,1,0.000000,0.000000,0.000000,0.000000,0.000000
hf_24720,67,False,1,0.000000,0.000000,0.000000,0.000000,0.000000
hf_24807,45,False,1,0.000000,0.000000,0.000000,0.000000,0.000000
hf_24836,26,False,1,0.000000,0.000000,0.000000,0.000000,0.000000
hf_24837,9,False,1,0.777778,0.777778,0.000000,1.000000,1.000000
hf_24844,52,False,1,0.038462,0.038462,0.000000,0.333333,0.333333
hf_24846,57,False,1,0.122807,0.122807,0.000000,0.600000,0.600000
hf_24847,41,False,1,0.000000,0.000000,0.000000,0.000000,0.000000
hf_24867,81,False,1,0.283951,0.283951,0.000000,0.909091,0.909091
hf_24898,27,False,1,0.111111,0.111111,0.000000,0.666667,0.666667
hf_24911,14,False,1,0.000000,0.000000,0.000000,0.000000,0.000000
hf_24928,23,False,1,0.000000,0.000000,0.000000,0.000000,0.000000
hf_25009,59,False,1,0.000000,0.000000,0.000000,0.000000,0.000000
hf_25070,70,False,1,0.000000,0.000000,0.000000,0.000000,0.000000
hf_25102,64,False,1,0.062500,0.062500,0.000000,0.300000,0.300000
hf_25138,65,False,1,0.015385,0.015385,0.000000,0.125000,0.125000
hf_25164,19,False,1,0.052632,0.052632,0.000000,0.500000,0.500000
hf_25216,30,False,1,0.200000,0.200000,0.000000,1.000000,1.000000
hf_25244,8,False,1,0.375000,0.375000,0.000000,1.000000,1.000000
hf_25484,33,False,1,0.696970,0.696970,0.000000,1.000000,1.000000
hf_25524,33,False,1,0.000000,0.000000,0.000000,0.000000,0.000000
hf_25558,37,False,1,0.000000,0.000000,0.000000,0.000000,0.000000
hf_25586,67,False,1,0.000000,0.000000,0.000000,0.000000,0.000000
hf_25822,7,False,1,0.000000,0.000000,0.000000,0.000000,0.000000
hf_25928,69,False,1,0.028986,0.028986,0.000000,0.166667,0.166667
hf_25938,59,False,1,0.033898,0.033898,0.000000,0.400000,0.400000
hf_25995,11,False,1,0.000000,0.000000,0.000000,0.000000,0.000000
hf_26113,38,False,1,0.578947,0.578947,0.000000,1.000000,1.000000
hf_26148,35,False,1,0.000000,0.000000,0.000000,0.000000,0.000000
hf_26175,84,False,1,0.297619,0.297619,0.000000,0.250000,0.250000
hf_26191,66,False,1,0.318182,0.318182,0.000000,0.500000,0.500000
hf_26193,42,False,1,0.142857,0.142857,0.000000,1.000000,1.000000
hf_26244,41,False,1,0.073171,0.073171,0.000000,0.666667,0.666667
hf_26260,24,False,1,0.416667,0.416667,0.000000,1.500000,1.500000
hf_26282,54,False,1,0.055556,0.055556,0.000000,0.333333,0.333333
hf_26290,9,False,1,0.333333,0.333333,0.000000,1.000000,1.000000
hf_26371,30,False,1,0.000000,0.000000,0.000000,0.000000,0.000000
hf_26378,36,False,1,0.027778,0.027778,0.000000,0.200000,0.200000
hf_26386,47,False,1,0.212766,0.212766,0.000000,0.750000,0.750000
hf_26461,52,False,1,0.500000,0.500000,0.000000,1.000000,1.000000
hf_26488,31,False,1,0.000000,0.000000,0.000000,0.000000,0.000000
hf_26497,32,False,1,0.000000,0.000000,0.000000,0.000000,0.000000
hf_26502,85,False,1,0.341176,0.341176,0.000000,1.000000,1.000000
hf_26612,61,False,1,0.098361,0.098361,0.000000,0.500000,0.500000
hf_26632,46,False,1,0.000000,0.000000,0.000000,0.000000,0.000000
hf_26634,78,False,1,0.576923,0.576923,0.000000,0.900000,0.900000
hf_26635,50,False,1,0.000000,0.000000,0.000000,0.000000,0.000000
hf_26677,37,False,1,0.216216,0.216216,0.000000,1.000000,1.000000
hf_26712,75,False,1,0.253333,0.253333,0.000000,0.333333,0.333333
hf_26738,47,False,1,0.063830,0.063830,0.000000,0.250000,0.250000
hf_26761,51,False,1,0.078431,0.078431,0.000000,0.166667,0.166667
hf_26764,39,False,1,0.102564,0.102564,0.000000,0.500000,0.500000
hf_26772,43,False,1,0.000000,0.000000,0.000000,0.000000,0.000000
hf_26941,13,False,1,0.076923,0.076923,0.000000,0.333333,0.333333
hf_26977,25,False,1,0.000000,0.000000,0.000000,0.000000,0.000000
hf_26982,34,False,1,0.000000,0.000000,0.000000,0.000000,0.000000
hf_27020,48,False,1,0.000000,0.000000,0.000000,0.000000,0.000000
hf_27082,15,False,1,0.000000,0.000000,0.000000,0.000000,0.000000
hf_27160,43,False,1,0.116279,0.116279,0.000000,0.750000,0.750000
hf_27188,65,False,1,0.169231,0.169231,0.000000,0.666667,0.666667
hf_27193,36,False,1,0.055556,0.055556,0.000000,0.500000,0.500000
hf_27229,69,False,1,0.043478,0.043478,0.000000,0.428571,0.428571
hf_27248,38,False,1,0.000000,0.000000,0.000000,0.000000,0.000000
hf_27274,48,False,1,0.000000,0.000000,0.000000,0.000000,0.000000
hf_27460,31,False,1,0.000000,0.000000,0.000000,0.000000,0.000000
hf_27474,6,False,1,0.666667,0.666667,0.000000,1.000000,1.000000
hf_27493,81,False,1,0.185185,0.185185,0.000000,0.615385,0.615385
hf_27528,21,False,1,0.142857,0.142857,0.000000,1.000000,1.000000
hf_27534,53,False,1,0.037736,0.037736,0.000000,0.142857,0.142857
hf_27554,61,False,1,0.065574,0.065574,0.000000,0.181818,0.181818
hf_27627,56,False,1,0.017857,0.017857,0.000000,0.250000,0.250000
hf_27648,33,False,1,0.272727,0.272727,0.000000,0.600000,0.600000
hf_27651,26,False,1,0.269231,0.269231,0.000000,0.800000,0.800000
hf_27666,66,False,1,0.090909,0.090909,0.000000,0.142857,0.142857
hf_27696,41,False,1,0.097561,0.097561,0.000000,0.333333,0.333333
hf_27722,5,False,1,0.000000,0.000000,0.000000,0.000000,0.000000
hf_27730,33,False,1,0.303030,0.303030,0.000000,0.714286,0.714286
hf_27759,38,False,1,0.000000,0.000000,0.000000,0.000000,0.000000
hf_27861,76,False,1,0.131579,0.131579,0.000000,0.555556,0.555556
hf_27862,24,False,1,0.083333,0.083333,0.000000,0.333333,0.333333
hf_27885,19,False,1,0.000000,0.000000,0.000000,0.000000,0.000000
hf_27966,39,False,1,0.025641,0.025641,0.000000,0.250000,0.250000
hf_28028,41,False,1,0.024390,0.024390,0.000000,0.250000,0.250000
hf_28074,54,False,1,0.000000,0.000000,0.000000,0.000000,0.000000
hf_28077,90,False,1,0.022222,0.022222,0.000000,0.181818,0.181818
hf_28089,7,False,1,0.000000,0.000000,0.000000,0.000000,0.000000
hf_28103,51,False,1,0.098039,0.098039,0.000000,0.666667,0.666667
hf_28166,40,False,1,0.025000,0.025000,0.000000,0.200000,0.200000
hf_28173,66,False,1,0.075758,0.075758,0.000000,0.571429,0.571429
hf_28249,32,False,1,0.031250,0.031250,0.000000,0.200000,0.200000
hf_28265,43,False,1,0.255814,0.255814,0.000000,1.000000,1.000000
hf_28313,36,False,1,0.194444,0.194444,0.000000,0.333333,0.333333
hf_28411,49,False,1,0.102041,0.102041,0.000000,0.750000,0.750000
hf_28479,59,False,1,0.661017,0.661017,0.000000,1.000000,1.000000
hf_28492,38,False,1,0.289474,0.289474,0.000000,1.000000,1.000000
hf_28540,44,False,1,0.000000,0.000000,0.000000,0.000000,0.000000
hf_28545,43,False,1,0.023256,0.023256,0.000000,0.166667,0.166667
hf_28562,67,False,1,0.119403,0.119403,0.000000,0.333333,0.333333
hf_28566,20,False,1,0.000000,0.000000,0.000000,0.000000,0.000000
hf_28577,17,False,1,0.058824,0.058824,0.000000,1.000000,1.000000
hf_28599,26,False,1,0.000000,0.000000,0.000000,0.000000,0.000000
hf_28688,44,False,1,0.022727,0.022727,0.000000,0.666667,0.666667
hf_28711,55,False,1,0.290909,0.290909,0.000000,0.888889,0.888889
hf_28712,39,False,1,0.000000,0.000000,0.000000,0.000000,0.000000
hf_28716,38,False,1,0.289474,0.289474,0.000000,1.000000,1.000000
hf_28780,53,False,1,0.075472,0.075472,0.000000,0.666667,0.666667
hf_28827,60,False,1,0.000000,0.000000,0.000000,0.000000,0.000000
hf_28866,62,False,1,0.080645,0.080645,0.000000,0.428571,0.428571
hf_28952,60,False,1,0.050000,0.050000,0.000000,0.333333,0.333333
hf_28956,50,False,1,0.040000,0.040000,0.000000,0.222222,0.222222
hf_28969,26,False,1,0.000000,0.000000,0.000000,0.000000,0.000000
hf_28977,41,False,1,0.000000,0.000000,0.000000,0.000000,0.000000
hf_28981,75,False,1,0.026667,0.026667,0.000000,0.222222,0.222222
hf_29004,44,False,1,0.045455,0.045455,0.000000,0.333333,0.333333
hf_29014,62,False,1,0.048387,0.048387,0.000000,0.428571,0.428571
hf_29041,64,False,1,0.015625,0.015625,0.000000,0.142857,0.142857
hf_29223,31,False,1,0.000000,0.000000,0.000000,0.000000,0.000000
hf_29264,60,False,1,0.016667,0.016667,0.000000,0.166667,0.166667
hf_29371,47,False,1,0.000000,0.000000,0.000000,0.000000,0.000000
hf_29400,70,False,1,0.185714,0.185714,0.000000,0.555556,0.555556
hf_29439,20,False,1,0.250000,0.250000,0.000000,0.600000,0.600000
hf_29495,40,False,1,0.000000,0.000000,0.000000,0.000000,0.000000
hf_29524,51,False,1,0.000000,0.000000,0.000000,0.000000,0.000000
hf_29543,35,False,1,0.200000,0.200000,0.000000,0.600000,0.600000
hf_29588,40,False,1,0.025000,0.025000,0.000000,0.400000,0.400000
hf_29714,59,False,1,0.135593,0.135593,0.000000,0.500000,0.500000
hf_29735,34,False,1,0.088235,0.088235,0.000000,0.500000,0.500000
hf_29736,12,False,1,0.000000,0.000000,0.000000,0.000000,0.000000
hf_29755,71,False,1,0.000000,0.000000,0.000000,0.000000,0.000000
hf_29799,30,False,1,0.133333,0.133333,0.000000,0.666667,0.666667
hf_29807,20,False,1,0.000000,0.000000,0.000000,0.000000,0.000000
hf_29819,72,False,1,0.388889,0.388889,0.000000,1.000000,1.000000
hf_29841,15,False,1,0.133333,0.133333,0.000000,0.333333,0.333333
hf_29846,27,False,1,0.000000,0.000000,0.000000,0.000000,0.000000
hf_29914,67,False,1,0.029851,0.029851,0.000000,0.166667,0.166667
hf_29935,34,False,1,0.000000,0.000000,0.000000,0.000000,0.000000
hf_29964,14,False,1,0.000000,0.000000,0.000000,0.000000,0.000000
hf_30034,48,False,1,0.083333,0.083333,0.000000,0.500000,0.500000
hf_30071,79,False,1,0.341772,0.341772,0.000000,0.416667,0.416667
hf_30108,9,False,1,0.666667,0.666667,0.000000,1.000000,1.000000
hf_30129,77,False,1,0.000000,0.000000,0.000000,0.000000,0.000000
hf_30166,60,False,1,0.033333,0.033333,0.000000,0.200000,0.200000
hf_30241,53,False,1,0.264151,0.264151,0.000000,0.666667,0.666667
hf_30257,32,False,1,0.093750,0.093750,0.000000,0.600000,0.600000
hf_30276,67,False,1,0.238806,0.238806,0.000000,0.500000,0.500000
hf_30294,46,False,1,0.000000,0.000000,0.000000,0.000000,0.000000
hf_30318,15,False,1,0.000000,0.000000,0.000000,0.000000,0.000000
hf_30444,58,False,1,0.000000,0.000000,0.000000,0.000000,0.000000
hf_30450,20,False,1,0.300000,0.300000,0.000000,1.000000,1.000000
hf_30455,71,False,1,0.098592,0.098592,0.000000,0.571429,0.571429
hf_30465,54,False,1,0.000000,0.000000,0.000000,0.000000,0.000000
hf_30473,87,False,1,0.000000,0.000000,0.000000,0.000000,0.000000
hf_30476,80,False,1,0.012500,0.012500,0.000000,0.111111,0.111111
hf_30534,18,False,1,0.000000,0.000000,0.000000,0.000000,0.000000
hf_30606,51,False,1,0.294118,0.294118,0.000000,0.800000,0.800000
hf_30630,18,False,1,0.055556,0.055556,0.000000,1.000000,1.000000
hf_30674,69,False,1,0.000000,0.000000,0.000000,0.000000,0.000000
hf_30716,52,False,1,0.057692,0.057692,0.000000,0.250000,0.250000
hf_30762,48,False,1,0.000000,0.000000,0.000000,0.000000,0.000000
hf_30796,73,False,1,0.452055,0.452055,0.000000,0.916667,0.916667
hf_30802,46,False,1,0.108696,0.108696,0.000000,0.571429,0.571429
hf_30822,5,False,1,0.000000,0.000000,0.000000,0.000000,0.000000
hf_30834,77,False,1,0.584416,0.584416,0.000000,1.000000,1.000000
hf_30847,82,False,1,0.000000,0.000000,0.000000,0.000000,0.000000
hf_30947,20,False,1,0.000000,0.000000,0.000000,0.000000,0.000000
hf_30976,24,False,1,0.000000,0.000000,0.000000,0.000000,0.000000
hf_30996,79,False,1,0.240506,0.240506,0.000000,1.000000,1.000000
hf_31010,69,False,1,0.000000,0.000000,0.000000,0.000000,0.000000
hf_31015,14,False,1,0.000000,0.000000,0.000000,0.000000,0.000000
hf_31035,37,False,1,0.162162,0.162162,0.000000,0.600000,0.600000
hf_31108,38,False,1,0.000000,0.000000,0.000000,0.000000,0.000000
hf_31138,56,False,1,0.071429,0.071429,0.000000,0.333333,0.333333
hf_31148,53,False,1,0.000000,0.000000,0.000000,0.000000,0.000000
hf_31201,78,False,1,0.153846,0.153846,0.000000,0.666667,0.666667
hf_31246,54,False,1,0.240741,0.240741,0.000000,0.625000,0.625000
hf_31259,44,False,1,0.000000,0.000000,0.000000,0.000000,0.000000
hf_31308,59,False,1,0.186441,0.186441,0.000000,0.875000,0.875000
hf_31373,42,False,1,0.119048,0.119048,0.000000,1.000000,1.000000
hf_31546,20,False,1,0.000000,0.000000,0.000000,0.000000,0.000000
hf_31621,52,False,1,0.000000,0.000000,0.000000,0.000000,0.000000
hf_31686,47,False,1,0.000000,0.000000,0.000000,0.000000,0.000000
hf_31732,47,False,1,0.106383,0.106383,0.000000,0.600000,0.600000
hf_31741,13,False,1,0.153846,0.153846,0.000000,1.000000,1.000000
hf_31758,58,False,1,0.017241,0.017241,0.000000,0.125000,0.125000
hf_31766,60,False,1,0.000000,0.000000,0.000000,0.000000,0.000000
hf_31812,24,False,1,0.000000,0.000000,0.000000,0.000000,0.000000
hf_31826,37,False,1,0.000000,0.000000,0.000000,0.000000,0.000000
hf_31827,30,False,1,0.166667,0.166667,0.000000,1.000000,1.000000
hf_31849,66,False,1,0.015152,0.015152,0.000000,0.142857,0.142857
hf_31894,22,False,1,0.000000,0.000000,0.000000,0.000000,0.000000
hf_31952,26,False,1,0.192308,0.192308,0.000000,0.400000,0.400000
hf_31996,20,False,1,0.100000,0.100000,0.000000,0.333333,0.333333
hf_32016,51,False,1,0.431373,0.431373,0.000000,1.000000,1.000000
hf_32019,68,False,1,0.132353,0.132353,0.000000,0.666667,0.666667
hf_32021,53,False,1,0.000000,0.000000,0.000000,0.000000,0.000000
hf_32089,35,False,1,0.000000,0.000000,0.000000,0.000000,0.000000
hf_32125,60,False,1,0.000000,0.000000,0.000000,0.000000,0.000000
hf_32166,17,False,1,0.058824,0.058824,0.000000,1.000000,1.000000
hf_32170,25,False,1,0.000000,0.000000,0.000000,0.000000,0.000000
hf_32225,74,False,1,0.040541,0.040541,0.000000,0.428571,0.428571
hf_32227,49,False,1,0.061224,0.061224,0.000000,0.375000,0.375000
hf_32343,52,False,1,0.134615,0.134615,0.000000,0.571429,0.571429
hf_32361,11,False,1,0.000000,0.000000,0.000000,0.000000,0.000000
hf_32394,51,False,1,0.254902,0.254902,0.000000,0.857143,0.857143
hf_32399,74,False,1,0.000000,0.000000,0.000000,0.000000,0.000000
hf_32471,56,False,1,0.017857,0.017857,0.000000,0.166667,0.166667
hf_32661,31,False,1,0.032258,0.032258,0.000000,0.333333,0.333333
hf_32669,65,False,1,0.092308,0.092308,0.000000,0.428571,0.428571
hf_32717,10,False,1,0.300000,0.300000,0.000000,1.000000,1.000000
hf_32798,36,False,1,0.166667,0.166667,0.000000,1.000000,1.000000
hf_32806,49,False,1,0.591837,0.591837,0.000000,1.000000,1.000000
hf_32954,49,False,1,0.020408,0.020408,0.000000,0.333333,0.333333
hf_33081,66,False,1,0.015152,0.015152,0.000000,0.142857,0.142857
hf_33118,56,False,1,0.000000,0.000000,0.000000,0.000000,0.000000
hf_33122,51,False,1,0.000000,0.000000,0.000000,0.000000,0.000000
hf_33153,66,False,1,0.106061,0.106061,0.000000,0.500000,0.500000
hf_33158,31,False,1,0.161290,0.161290,0.000000,0.750000,0.750000
hf_33234,93,False,1,0.096774,0.096774,0.000000,0.583333,0.583333
hf_33270,51,False,1,0.000000,0.000000,0.000000,0.000000,0.000000
hf_33271,60,False,1,0.333333,0.333333,0.000000,0.833333,0.833333
hf_33275,28,False,1,0.071429,0.071429,0.000000,0.500000,0.500000
hf_33281,60,False,1,0.366667,0.366667,0.000000,1.000000,1.000000
hf_33308,61,False,1,0.049180,0.049180,0.000000,0.375000,0.375000
hf_33349,5,False,1,0.000000,0.000000,0.000000,0.000000,0.000000
hf_33384,53,False,1,0.132075,0.132075,0.000000,0.714286,0.714286
hf_33392,41,False,1,0.219512,0.219512,0.000000,0.888889,0.888889
hf_33500,39,False,1,1.000000,1.000000,0.000000,1.000000,1.000000
hf_33516,58,False,1,0.034483,0.034483,0.000000,0.400000,0.400000
hf_33695,27,False,1,0.000000,0.000000,0.000000,0.000000,0.000000
hf_33724,32,False,1,0.031250,0.031250,0.000000,0.500000,0.500000
hf_33780,76,False,1,0.500000,0.500000,0.000000,1.000000,1.000000
hf_33857,52,False,1,0.134615,0.134615,0.000000,0.800000,0.800000
hf_33919,49,False,1,0.000000,0.000000,0.000000,0.000000,0.000000
hf_33944,61,False,1,0.000000,0.000000,0.000000,0.000000,0.000000
hf_33976,87,False,1,0.137931,0.137931,0.000000,0.666667,0.666667
hf_34010,30,False,1,0.766667,0.766667,0.000000,1.000000,1.000000
hf_34073,45,False,1,0.000000,0.000000,0.000000,0.000000,0.000000
hf_34163,47,False,1,0.021277,0.021277,0.000000,0.200000,0.200000
hf_34193,43,False,1,0.000000,0.000000,0.000000,0.000000,0.000000
hf_34247,53,False,1,0.000000,0.000000,0.000000,0.000000,0.000000
hf_34261,30,False,1,0.000000,0.000000,0.000000,0.000000,0.000000
hf_34382,85,False,1,0.023529,0.023529,0.000000,0.181818,0.181818
hf_34581,71,False,1,0.295775,0.295775,0.000000,0.833333,0.833333
hf_34664,56,False,1,0.125000,0.125000,0.000000,0.875000,0.875000
hf_34676,74,False,1,0.081081,0.081081,0.000000,0.428571,0.428571
hf_34757,91,False,1,0.010989,0.010989,0.000000,0.100000,0.100000
hf_34794,11,False,1,0.090909,0.090909,0.000000,1.000000,1.000000
hf_34807,52,False,1,0.000000,0.000000,0.000000,0.000000,0.000000
hf_34808,55,False,1,0.145455,0.145455,0.000000,0.666667,0.666667
hf_34911,55,False,1,0.581818,0.581818,0.000000,1.000000,1.000000
hf_34913,37,False,1,0.135135,0.135135,0.000000,0.800000,0.800000
hf_35004,64,False,1,0.140625,0.140625,0.000000,0.833333,0.833333
hf_35005,36,False,1,0.000000,0.000000,0.000000,0.000000,0.000000
hf_35118,31,False,1,0.032258,0.032258,0.000000,0.250000,0.250000
hf_35141,48,False,1,0.000000,0.000000,0.000000,0.000000,0.000000
hf_35142,45,False,1,0.111111,0.111111,0.000000,0.190476,0.190476
hf_35146,29,False,1,0.413793,0.413793,0.000000,1.000000,1.000000
hf_35190,63,False,1,0.000000,0.000000,0.000000,0.000000,0.000000
hf_35234,55,False,1,0.145455,0.145455,0.000000,0.500000,0.500000
hf_35269,81,False,1,0.123457,0.123457,0.000000,0.571429,0.571429
hf_35272,12,False,1,0.250000,0.250000,0.000000,1.000000,1.000000
hf_35287,50,False,1,0.000000,0.000000,0.000000,0.000000,0.000000
hf_35296,35,False,1,0.000000,0.000000,0.000000,0.000000,0.000000
hf_35322,9,False,1,0.000000,0.000000,0.000000,0.000000,0.000000
hf_35339,35,False,1,0.085714,0.085714,0.000000,0.600000,0.600000
hf_35343,32,False,1,0.062500,0.062500,0.000000,0.500000,0.500000
hf_35348,69,False,1,0.130435,0.130435,0.000000,0.666667,0.666667
hf_35351,54,False,1,0.129630,0.129630,0.000000,0.714286,0.714286
hf_35388,51,False,1,0.000000,0.000000,0.000000,0.000000,0.000000
hf_35399,73,False,1,0.191781,0.191781,0.000000,0.444444,0.444444
hf_35427,41,False,1,0.000000,0.000000,0.000000,0.000000,0.000000
hf_35533,7,False,1,0.285714,0.285714,0.000000,1.000000,1.000000
hf_35559,16,False,1,0.187500,0.187500,0.000000,0.500000,0.500000
hf_35560,44,False,1,0.000000,0.000000,0.000000,0.000000,0.000000
hf_35600,31,False,1,0.032258,0.032258,0.000000,0.125000,0.125000
hf_35614,14,False,1,0.214286,0.214286,0.000000,0.500000,0.500000
hf_35688,45,False,1,0.200000,0.200000,0.000000,0.437500,0.437500
hf_35713,47,False,1,0.000000,0.000000,0.000000,0.000000,0.000000
hf_35741,79,False,1,0.227848,0.227848,0.000000,0.900000,0.900000
hf_35755,60,False,1,0.183333,0.183333,0.000000,0.625000,0.625000
hf_35791,53,False,1,0.150943,0.150943,0.000000,0.666667,0.666667
hf_35905,36,False,1,0.000000,0.000000,0.000000,0.000000,0.000000
hf_35909,24,False,1,0.000000,0.000000,0.000000,0.000000,0.000000
hf_35993,65,False,1,0.000000,0.000000,0.000000,0.000000,0.000000
hf_36031,52,False,1,0.192308,0.192308,0.000000,0.714286,0.714286
hf_36051,32,False,1,0.000000,0.000000,0.000000,0.000000,0.000000
hf_36066,43,False,1,0.000000,0.000000,0.000000,0.000000,0.000000
hf_36070,18,False,1,0.222222,0.222222,0.000000,1.500000,1.500000
hf_36099,36,False,1,0.027778,0.027778,0.000000,0.250000,0.250000
hf_36127,77,False,1,0.649351,0.649351,0.000000,1.000000,1.000000
hf_36154,28,False,1,0.000000,0.000000,0.000000,0.000000,0.000000
hf_36170,56,False,1,0.053571,0.053571,0.000000,0.250000,0.250000
hf_36175,58,False,1,0.000000,0.000000,0.000000,0.000000,0.000000
hf_36178,58,False,1,0.000000,0.000000,0.000000,0.000000,0.000000
hf_36192,57,False,1,0.000000,0.000000,0.000000,0.000000,0.000000
hf_36210,49,False,1,0.061224,0.061224,0.000000,0.500000,0.500000
hf_36256,68,False,1,0.250000,0.250000,0.000000,1.000000,1.000000
hf_36264,21,False,1,0.000000,0.000000,0.000000,0.000000,0.000000
hf_36272,13,False,1,0.000000,0.000000,0.000000,0.000000,0.000000
hf_36301,60,False,1,0.000000,0.000000,0.000000,0.000000,0.000000
hf_36333,63,False,1,0.000000,0.000000,0.000000,0.000000,0.000000
hf_36346,28,False,1,0.214286,0.214286,0.000000,1.000000,1.000000
hf_36384,63,False,1,0.126984,0.126984,0.000000,0.666667,0.666667
hf_36422,45,False,1,0.000000,0.000000,0.000000,0.000000,0.000000
hf_36424,62,False,1,0.322581,0.322581,0.000000,0.857143,0.857143
hf_36500,51,False,1,0.000000,0.000000,0.000000,0.000000,0.000000
hf_36530,60,False,1,0.616667,0.616667,0.000000,1.250000,1.250000
hf_36573,75,False,1,0.106667,0.106667,0.000000,0.555556,0.555556
hf_36629,48,False,1,0.583333,0.583333,0.000000,1.166667,1.166667
hf_36692,69,False,1,0.072464,0.072464,0.000000,0.142857,0.142857
hf_36759,30,False,1,0.633333,0.633333,0.000000,1.000000,1.000000
hf_36781,20,False,1,0.000000,0.000000,0.000000,0.000000,0.000000
hf_36789,51,False,1,0.000000,0.000000,0.000000,0.000000,0.000000
hf_36886,17,False,1,0.000000,0.000000,0.000000,0.000000,0.000000
hf_36896,18,False,1,0.055556,0.055556,0.000000,0.500000,0.500000
hf_36960,42,False,1,0.000000,0.000000,0.000000,0.000000,0.000000
hf_36987,53,False,1,0.000000,0.000000,0.000000,0.000000,0.000000
hf_37042,41,False,1,0.365854,0.365854,0.000000,0.666667,0.666667
hf_37088,71,False,1,0.563380,0.563380,0.000000,1.000000,1.000000
hf_37170,5,False,1,0.000000,0.000000,0.000000,0.000000,0.000000
hf_37182,35,False,1,0.000000,0.000000,0.000000,0.000000,0.000000
hf_37265,37,False,1,0.405405,0.405405,0.000000,0.800000,0.800000
hf_37296,40,False,1,0.075000,0.075000,0.000000,0.428571,0.428571
hf_37303,16,False,1,0.000000,0.000000,0.000000,0.000000,0.000000
hf_37334,77,False,1,0.000000,0.000000,0.000000,0.000000,0.000000
hf_37345,25,False,1,0.840000,0.840000,0.000000,1.000000,1.000000
hf_37423,45,False,1,0.000000,0.000000,0.000000,0.000000,0.000000
hf_37621,51,False,1,0.117647,0.117647,0.000000,0.375000,0.375000
hf_37696,66,False,1,0.015152,0.015152,0.000000,0.166667,0.166667
hf_37727,79,False,1,0.227848,0.227848,0.000000,0.500000,0.500000
hf_37728,28,False,1,0.750000,0.750000,0.000000,1.000000,1.000000
hf_37735,49,False,1,0.000000,0.000000,0.000000,0.000000,0.000000
hf_37762,43,False,1,0.046512,0.046512,0.000000,0.400000,0.400000
hf_37764,65,False,1,0.092308,0.092308,0.000000,0.666667,0.666667
hf_37787,33,False,1,0.666667,0.666667,0.000000,1.000000,1.000000
hf_37815,83,False,1,0.060241,0.060241,0.000000,0.333333,0.333333
hf_37837,53,False,1,0.000000,0.000000,0.000000,0.000000,0.000000
hf_37924,80,False,1,0.050000,0.050000,0.000000,0.100000,0.100000
hf_37940,11,False,1,0.000000,0.000000,0.000000,0.000000,0.000000
hf_37957,16,False,1,0.000000,0.000000,0.000000,0.000000,0.000000
hf_38005,8,False,1,0.000000,0.000000,0.000000,0.000000,0.000000
hf_38009,76,False,1,0.065789,0.065789,0.000000,0.111111,0.111111
hf_38049,59,False,1,0.000000,0.000000,0.000000,0.000000,0.000000
hf_38112,46,False,1,0.000000,0.000000,0.000000,0.000000,0.000000
hf_38175,33,False,1,0.000000,0.000000,0.000000,0.000000,0.000000
hf_38242,21,False,1,0.047619,0.047619,0.000000,0.333333,0.333333
hf_38251,29,False,1,0.172414,0.172414,0.000000,0.500000,0.500000
hf_38278,16,False,1,0.000000,0.000000,0.000000,0.000000,0.000000
hf_38284,91,False,1,0.065934,0.065934,0.000000,0.333333,0.333333
hf_38311,23,False,1,0.000000,0.000000,0.000000,0.000000,0.000000
hf_38360,38,False,1,0.078947,0.078947,0.000000,0.500000,0.500000
hf_38465,39,False,1,0.051282,0.051282,0.000000,0.400000,0.400000
hf_38477,81,False,1,0.012346,0.012346,0.000000,0.250000,0.250000
hf_38555,52,False,1,0.000000,0.000000,0.000000,0.000000,0.000000
hf_38564,45,False,1,0.111111,0.111111,0.000000,0.500000,0.500000
hf_38569,61,False,1,0.032787,0.032787,0.000000,0.142857,0.142857
hf_38618,18,False,1,0.222222,0.222222,0.000000,1.000000,1.000000
hf_38639,52,False,1,0.057692,0.057692,0.000000,0.285714,0.285714
hf_38652,31,False,1,0.000000,0.000000,0.000000,0.000000,0.000000
hf_38698,39,False,1,0.102564,0.102564,0.000000,0.800000,0.800000
hf_38790,44,False,1,0.000000,0.000000,0.000000,0.000000,0.000000
hf_38803,48,False,1,0.020833,0.020833,0.000000,0.142857,0.142857
hf_38828,5,False,1,0.000000,0.000000,0.000000,0.000000,0.000000
hf_38916,33,False,1,0.000000,0.000000,0.000000,0.000000,0.000000
hf_38962,62,False,1,0.016129,0.016129,0.000000,0.125000,0.125000
hf_38996,27,False,1,0.000000,0.000000,0.000000,0.000000,0.000000
hf_39023,39,False,1,0.153846,0.153846,0.000000,1.500000,1.500000
hf_39052,53,False,1,0.113208,0.113208,0.000000,1.000000,1.000000
hf_39067,50,False,1,0.120000,0.120000,0.000000,0.666667,0.666667
hf_39069,64,False,1,0.078125,0.078125,0.000000,0.500000,0.500000
hf_39086,51,False,1,0.039216,0.039216,0.000000,0.400000,0.400000
hf_39096,36,False,1,0.000000,0.000000,0.000000,0.000000,0.000000
hf_39111,44,False,1,0.068182,0.068182,0.000000,0.428571,0.428571
hf_39192,56,False,1,0.089286,0.089286,0.000000,0.571429,0.571429
hf_39252,41,False,1,0.073171,0.073171,0.000000,0.400000,0.400000
hf_39280,21,False,1,0.095238,0.095238,0.000000,0.500000,0.500000
hf_39348,53,False,1,0.000000,0.000000,0.000000,0.000000,0.000000
hf_39453,53,False,1,0.018868,0.018868,0.000000,0.250000,0.250000
hf_39534,13,False,1,0.000000,0.000000,0.000000,0.000000,0.000000
hf_39564,66,False,1,0.000000,0.000000,0.000000,0.000000,0.000000
hf_39565,24,False,1,0.000000,0.000000,0.000000,0.000000,0.000000
hf_39638,47,False,1,0.000000,0.000000,0.000000,0.000000,0.000000
hf_39707,25,False,1,0.120000,0.120000,0.000000,0.500000,0.500000
hf_39728,50,False,1,0.300000,0.300000,0.000000,0.833333,0.833333
hf_39735,53,False,1,1.000000,1.000000,0.000000,1.000000,1.000000
hf_39753,40,False,1,0.200000,0.200000,0.000000,0.750000,0.750000
hf_39758,59,False,1,0.610169,0.610169,0.000000,0.857143,0.857143
hf_39796,59,False,1,0.000000,0.000000,0.000000,0.000000,0.000000
hf_39903,34,False,1,0.029412,0.029412,0.000000,0.250000,0.250000
hf_39909,44,False,1,0.022727,0.022727,0.000000,0.166667,0.166667
hf_39920,35,False,1,0.114286,0.114286,0.000000,0.750000,0.750000
hf_39952,35,False,1,0.142857,0.142857,0.000000,0.750000,0.750000
hf_39998,30,False,1,0.333333,0.333333,0.000000,0.500000,0.500000
hf_40060,58,False,1,0.482759,0.482759,0.000000,0.875000,0.875000
hf_40086,15,False,1,0.000000,0.000000,0.000000,0.000000,0.000000
hf_40150,47,False,1,0.063830,0.063830,0.000000,0.428571,0.428571
hf_40338,40,False,1,0.225000,0.225000,0.000000,1.000000,1.000000
hf_40364,70,False,1,0.014286,0.014286,0.000000,0.111111,0.111111
hf_40528,58,False,1,0.000000,0.000000,0.000000,0.000000,0.000000
hf_40535,17,False,1,0.058824,0.058824,0.000000,0.333333,0.333333
hf_40583,40,False,1,0.000000,0.000000,0.000000,0.000000,0.000000
hf_40591,37,False,1,0.000000,0.000000,0.000000,0.000000,0.000000
hf_40675,6,False,1,0.000000,0.000000,0.000000,0.000000,0.000000
hf_40699,14,False,1,0.285714,0.285714,0.000000,0.500000,0.500000
hf_40708,72,False,1,0.027778,0.027778,0.000000,0.285714,0.285714
hf_40719,40,False,1,0.000000,0.000000,0.000000,0.000000,0.000000
book_1,24,False,1,0.041667,0.041667,0.000000,0.400000,0.400000
book_2,95,False,1,0.021053,0.021053,0.000000,0.222222,0.222222
book_3,216,True,2,0.486111,0.064815,0.421296,0.604651,0.116279
book_4,137,True,2,0.197080,0.000000,0.197080,0.392857,0.000000
book_5,67,False,1,0.029851,0.029851,0.000000,0.307692,0.307692
book_9,372,True,4,0.688172,0.069892,0.618280,0.787879,0.090909
book_13,87,False,1,0.022989,0.022989,0.000000,0.285714,0.285714
book_14,101,False,1,0.000000,0.000000,0.000000,0.000000,0.000000
book_15,141,True,2,0.184397,0.000000,0.184397,0.392857,0.000000
book_80,85,False,1,0.023529,0.023529,0.000000,0.307692,0.307692
book_83,32,False,1,0.031250,0.031250,0.000000,0.285714,0.285714
book_87,47,False,1,0.021277,0.021277,0.000000,0.200000,0.200000
book_91,79,False,1,0.037975,0.037975,0.000000,0.352941,0.352941
book_99,67,False,1,0.029851,0.029851,0.000000,0.307692,0.307692
book_125,53,False,1,0.037736,0.037736,0.000000,0.363636,0.363636
book_126,146,True,2,0.246575,0.006849,0.239726,0.500000,0.076923
book_130,18,False,1,0.000000,0.000000,0.000000,0.000000,0.000000
book_276,134,True,2,0.216418,0.044776,0.171642,0.454545,0.090909
book_277,173,True,2,0.369942,0.000000,0.369942,0.437500,0.000000
book_278,90,False,1,0.044444,0.044444,0.000000,0.421053,0.421053
book_279,132,True,2,0.166667,0.000000,0.166667,0.240000,0.000000
book_280,103,False,1,0.029126,0.029126,0.000000,0.285714,0.285714
book_281,29,False,1,0.034483,0.034483,0.000000,0.500000,0.500000
book_938,19,False,1,0.000000,0.000000,0.000000,0.000000,0.000000
book_939,23,False,1,0.043478,0.043478,0.000000,0.500000,0.500000
book_940,122,True,2,0.081967,0.000000,0.081967,0.190476,0.000000
book_941,66,False,1,0.015152,0.015152,0.000000,0.285714,0.285714
book_942,224,True,3,0.482143,0.000000,0.482143,0.534884,0.000000
book_996,67,False,1,0.014925,0.014925,0.000000,0.181818,0.181818
book_997,226,True,3,0.500000,0.000000,0.500000,0.609756,0.000000
book_998,87,False,1,0.045977,0.045977,0.000000,0.333333,0.333333
book_999,162,True,2,0.296296,0.055556,0.240741,0.548387,0.064516
book_1000,125,True,2,0.120000,0.000000,0.120000,0.375000,0.000000
book_3041,111,True,2,0.072072,0.000000,0.072072,0.285714,0.000000
book_3042,61,False,1,0.016393,0.016393,0.000000,0.222222,0.222222
book_3043,89,False,1,0.044944,0.044944,0.000000,0.363636,0.363636
book_3044,40,False,1,0.000000,0.000000,0.000000,0.000000,0.000000
book_3045,37,False,1,0.027027,0.027027,0.000000,0.285714,0.285714
book_3046,36,False,1,0.027778,0.027778,0.000000,0.285714,0.285714
book_3047,38,False,1,0.026316,0.026316,0.000000,0.285714,0.285714
book_3048,105,True,2,0.028571,0.000000,0.028571,0.285714,0.000000
book_3049,131,False,1,0.129771,0.129771,0.000000,0.347826,0.347826
book_3050,103,True,2,0.019417,0.000000,0.019417,0.200000,0.000000
book_3052,323,True,2,0.656347,0.433437,0.222910,0.770492,0.426230
book_3053,88,False,1,0.011364,0.011364,0.000000,0.133333,0.133333
book_3054,136,True,2,0.183824,0.007353,0.176471,0.416667,0.083333
book_3055,42,False,1,0.023810,0.023810,0.000000,0.333333,0.333333
book_3214,89,False,1,0.033708,0.033708,0.000000,0.352941,0.352941
